Ownership,Total Revenue (USD mm),Product Name,g2Link,Users,Industries,Market Segment,Description,Website,Ratings,Number Of Reviews,Discussions,Languages Supported,Seller,Company Website,Year Founded,HQ Location,Twitter,LinkedIn Page
,,ZoomInfo SalesOS,https://www.g2.com/products/zoominfo-salesos/reviews,"Account Executive, Sales Development Representative","Computer Software, Information Technology and Services","50% Mid-Market, 27% Small-Business","ZoomInfo SalesOS is the modern go-to-market platform for B2B companies. We have the biggest, most accurate, and most frequently refreshed database of insights, intelligence, and purchasing intent data about companies and contacts. 

We layer additional tools on top of that intelligence—such as conversation intelligence (Chorus), sales engagement (Engage), and data orchestration (RingLead)—to help you engage with prospects and customers. 

By integrating all of these tools with the other key systems you use, your go-to-market teams will be more prepared and well equipped to close more deals and hit their number.",https://www.g2.com/external_clickthroughs/record?secure%5Bproduct_id%5D=577&secure%5Btoken%5D=0258f631d3e67bb2adff3c0c4c04e92030d863c157041849e772368187b9ee9d&secure%5Burl%5D=https%3A%2F%2Fwww.zoominfo.com%2Fsolutions%2Fsales,4.4 out of 5 stars,"6,427 reviews",https://www.zoominfo.com/solutions/sales,English,ZoomInfo,https://www.zoominfo.com/,2000,"Vancouver, WA","@ZoomInfo 24,184 Twitter followers",https://www.linkedin.com/company/zoominfo/
,,LinkedIn Sales Navigator,https://www.g2.com/products/linkedin-sales-navigator/reviews,"Account Executive, Sales Development Representative","Computer Software, Information Technology and Services","50% Mid-Market, 32% Small-Business","LinkedIn Sales Navigator is the best version of LinkedIn for salespeople. Sales Navigator makes it simple to establish and grow relationships with prospects and customers by helping you tap into the full power of LinkedIn, the world’s largest professional network of 860M + members, 60M + companies, and 200 countries and territories.",https://www.g2.com/external_clickthroughs/record?secure%5Bproduct_id%5D=408&secure%5Btoken%5D=0bf4e2157ca1660ef678d3c53e1189d038f8279404d54306f57ddca37c3e83a2&secure%5Burl%5D=https%3A%2F%2Fbusiness.linkedin.com%2Fsales-solutions%2Fsales-navigator,4.3 out of 5 stars,"1,686 reviews",https://business.linkedin.com/sales-solutions/sales-navigator,"German, English, French, Italian, Dutch, Portuguese, Spanish",LinkedIn,http://linkedin.com,2003,"Sunnyvale, CA","@LinkedIn 1,779,905 Twitter followers",https://www.linkedin.com/company/1337/
,,Apollo.io,https://www.g2.com/products/apollo-io/reviews,"Business Development Manager, Account Executive","Marketing and Advertising, Information Technology and Services","70% Small-Business, 25% Mid-Market","Apollo is an all-in-one sales intelligence platform with tools to help you prospect, engage, and drive more revenue. Sellers and marketers use Apollo to discover more customers in market, connect with contacts, and establish a modern go-to-market strategy.

Apollo's B2B Database includes over 260M contacts and 60M companies with robust and accurate data. Teams leverage Apollo’s Engagement Suite to scale outbound activity and sequences effectively. Finally, up-level your entire go-to-market processes with Apollo's Intelligence Engine with recommendations and analytics that help you close. 

Founded in 2015, Apollo.io is a leading data intelligence and sales engagement platform trusted by over 10,000 customers, from rapidly growing startups to global enterprises.",https://www.g2.com/external_clickthroughs/record?secure%5Bproduct_id%5D=19743&secure%5Btoken%5D=880a24a992b003be703ad1164e047b1c0ffb81a5a187488e401145585f147448&secure%5Burl%5D=https%3A%2F%2Fwww.apollo.io%2Fpricing%2F,4.8 out of 5 stars,"4,749 reviews",https://www.g2.com/products/apollo-io/discuss,,Apollo.io,https://www.apollo.io/,2015,"San Francisco, CA","@MeetApollo 3,154 Twitter followers",https://www.linkedin.com/company/18511550/
,,Groove,https://www.g2.com/products/groove/reviews,"Account Executive, Sales Development Representative","Computer Software, Information Technology and Services","54% Mid-Market, 33% Enterprise","Groove is a market-leading sales engagement platform that enables sales leaders to execute their strategy in a smart, adaptive way. With Groove, revenue leaders can use automation to do more with less, driving greater efficiency and effectiveness across the customer lifecycle. 

Groove enables more than 75,000 users at ADP, Google, Uber, iHeartMedia, Capital One, and other large enterprises to be more efficient and effective. Groove has ranked #1 in enterprise customer satisfaction on G2 for four consecutive years and has been named one of the Inc. 5000 fastest-growing privately held companies in the U.S. since 2020. 

To learn more, visit https://groove.co.",https://www.g2.com/external_clickthroughs/record?secure%5Bproduct_id%5D=4120&secure%5Btoken%5D=d1d459210f3b529558c818b2b0205d95e70a7765531208f924c5bbc81a3b871d&secure%5Burl%5D=https%3A%2F%2Fwww.groove.co%2Fwhy-groove%2F,4.7 out of 5 stars,"2,772 reviews",https://www.g2.com/products/groove/discuss,English,Groove,https://www.groove.co/,2014,"San Francisco, CA","@groove_co 8,943 Twitter followers",https://www.linkedin.com/company/groove.co/
,,Cognism,https://www.g2.com/products/cognism/reviews,"Sales Development Representative, SDR","Computer Software, Information Technology and Services","47% Mid-Market, 45% Small-Business","Cognism is a leader in international sales intelligence, setting a new standard for data quality and compliance, trusted by 1000+ revenue teams worldwide. 

Cognism helps businesses connect with their dream prospects by providing premium contact, company and event information, including firmographics, technographics, sales trigger events, intent data, verified business emails and phone-verified mobile numbers. 

Next level GDPR & CCPA compliance, combined with innovative technology and integrations with leading CRM and sales engagement partners, make Cognism the number one choice for businesses looking to create a predictable pipeline, find their next best business opportunity and overcome global compliance barriers. 

Book a demo today to learn more about Cognism’s intuitive sales intelligence platform powered by world-leading data, compliance and targeting.",https://www.g2.com/external_clickthroughs/record?secure%5Bproduct_id%5D=38170&secure%5Btoken%5D=4c90f8f32c55fd64350bb71b863191a0850b531b94c6323297d6c09a8986290a&secure%5Burl%5D=https%3A%2F%2Fwww.cognism.com%2F,4.7 out of 5 stars,407 reviews,https://www.g2.com/products/cognism/discuss,English,Cognism,http://www.cognism.com,2015,London,"@Cognism 2,324 Twitter followers",https://www.linkedin.com/company/10533439/
,,UpLead,https://www.g2.com/products/uplead/reviews,"Founder, Owner","Marketing and Advertising, Information Technology and Services","76% Small-Business, 19% Mid-Market","UpLead is a B2B prospecting platform that provides the highest quality B2B contact & company data. Features include: real-time email verification, worldwide contacts in over 200 countries, 50+ search criteria, technology tracking, account based marketing, competitor intelligence, email pattern intelligence, social profile links, Salesforce & 12 other CRM integrations, robust API and more.",https://www.g2.com/external_clickthroughs/record?secure%5Bproduct_id%5D=52853&secure%5Btoken%5D=fb6173208ec06e2840441d13734c440d0054f192da8d435742277de9073e8429&secure%5Burl%5D=https%3A%2F%2Fwww.uplead.com%2Ffeatures,4.7 out of 5 stars,673 reviews,https://www.g2.com/products/uplead/discuss,English,UpLead,https://www.uplead.com,2017,"Walnut, CA","@UpLeadHQ 2,566 Twitter followers",https://www.linkedin.com/company/13600950/
NYSE: DNB,"$1,738",GetEmail,https://www.g2.com/products/getemail/reviews,"Sales Manager, Business Development Manager","Marketing and Advertising, Financial Services","70% Small-Business, 19% Mid-Market","GetEmail.io uses Big Data & Artificial Intelligence to guess the professional email address of anyone on Earth. GetEmail.io offers 2 Google Chrome Extensions, one for LinkedIn, and another one for Gmail/Outlook/Salesforce, which embed the ""email finding"" feature in these common interfaces, for a seamless user experience.",https://www.g2.com/external_clickthroughs/record?secure%5Bproduct_id%5D=80766&secure%5Btoken%5D=b294eeb9aefdb41bbcb9bdfa3ea7e09d5706a7d7ad74fde33b2ac22506be4e43&secure%5Burl%5D=https%3A%2F%2Fgetemail.io%2F%23pricing,4.6 out of 5 stars,322 reviews,https://www.g2.com/products/getemail/discuss,,Dun & Bradstreet,http://www.dnb.com,,"Short Hills, NJ","@DunBradstreet 21,456 Twitter followers",https://www.linkedin.com/company/2385/
,,RocketReach,https://www.g2.com/products/rocketreach/reviews,"Founder, President","Marketing and Advertising, Information Technology and Services","74% Small-Business, 21% Mid-Market","More than 11 million businesses around the world trust RocketReach, including Apple, Disney, Google, Amazon, Facebook, and 95% of the S&P 500. 

With RocketReach, you can build out contact and company lists with the world's largest and most accurate database of emails and direct dials. Solve a wide range of business needs from ad-targeting, contact information, database segmentation, and recruiting. Try it for free today.",https://www.g2.com/external_clickthroughs/record?secure%5Bproduct_id%5D=16297&secure%5Btoken%5D=81c981c5bcb79f1a8b2dfd7594f713a37575cbbd662b93c35e58dd4073d5dc26&secure%5Burl%5D=https%3A%2F%2Frocketreach.co%2Fteams,4.5 out of 5 stars,596 reviews,https://www.g2.com/products/rocketreach/discuss,English,RocketReach,http://rocketreach.co,2016,"Seattle, Washington","@RocketReachCo 2,714 Twitter followers",https://www.linkedin.com/company/18097967/
,,Owler,https://www.g2.com/products/owler/reviews,"Account Executive, CEO","Computer Software, Information Technology and Services","39% Small-Business, 34% Mid-Market","Owler is a business  intelligence platform that provides dynamic company data and real-time news and insights about companies you care about. 

Owler Max equips sales and customer success teams with actionable data, news and insights to enhance their prospecting efforts and increase revenue.",https://www.g2.com/external_clickthroughs/record?secure%5Bproduct_id%5D=5052&secure%5Btoken%5D=4aabedcc99588b717465c13e67e657fed7091be2785039945c457a563a386b33&secure%5Burl%5D=https%3A%2F%2Fcorp.owler.com%2F,4.3 out of 5 stars,374 reviews,https://www.g2.com/products/owler/discuss,English,Owler,http://www.owler.com,2011,"San Francisco, CA","@owlerinc 5,463 Twitter followers",https://www.linkedin.com/company/3119079/
,,Crunchbase,https://www.g2.com/products/crunchbase/reviews,"Account Executive, Founder","Computer Software, Information Technology and Services","57% Small-Business, 30% Mid-Market","Crunchbase is the leading provider of private-company prospecting and research solutions. 70 million users—including salespeople, entrepreneurs, investors, and market researchers—use Crunchbase to prospect for new business opportunities. And companies all over the world rely on us to power their applications, making over 6 billion calls to our API each year.",https://www.g2.com/external_clickthroughs/record?secure%5Bproduct_id%5D=43479&secure%5Btoken%5D=fc994a534eb15aacff529e6b98b03916b60451c79d23e2bc6d44dca23d2f6695&secure%5Burl%5D=https%3A%2F%2Fabout.crunchbase.com%2Fproducts%2Fcrunchbase-enterprise%2F,4.5 out of 5 stars,285 reviews,https://support.crunchbase.com/hc/en-us/community/topics,English,Crunchbase,https://www.crunchbase.com/,2007,"San Francisco, CA","@crunchbase 152,132 Twitter followers",https://www.linkedin.com/company/3557157/
,,BookYourData,https://www.g2.com/products/bookyourdata/reviews,"Owner, Technical Solutions Manager","Information Technology and Services, Marketing and Advertising","40% Mid-Market, 39% Small-Business","Bookyourdata is the world's first pay-as-you-go B2B prospecting platform with more than 100 million direct B2B contacts with a 95% accuracy guarantee and has been providing services for more than 20,000 clients since 2015.
Our innovative and robust platform serves business contact lists to its customers from 200+ countries with 50+ search criteria, web technologies, ABM, and two more special categories for healthcare professionals by specialties and real estate agents in addition to business contacts.",https://www.g2.com/external_clickthroughs/record?secure%5Bproduct_id%5D=75893&secure%5Btoken%5D=20b0aef9abf682de3a868a078f5d34cbe2698a479ba4bac25f6b9b08f6611684&secure%5Burl%5D=https%3A%2F%2Fwww.bookyourdata.com%2Fready-made-lists%2Fjob-levels,5.0 out of 5 stars,83 reviews,https://www.g2.com/products/bookyourdata/discuss,English,Bookyourdata,http://bookyourdata.com,2015,"Washington, District of Columbia",@bookyourdata 949 Twitter followers,https://www.linkedin.com/company/bookyourdata.com/
,,6sense Revenue AI,https://www.g2.com/products/6sense-revenue-ai/reviews,"Account Executive, Sales Development Representative","Computer Software, Information Technology and Services","61% Mid-Market, 33% Enterprise","6sense reinvents the way organizations create, manage, and convert pipeline to revenue. 6sense Revenue AI captures anonymous buying signals, targets the right accounts at the ideal time, and recommends the channels and messages to boost revenue performance. Removing guesswork, friction and wasted sales effort, 6sense empowers sales, marketing, and customer success teams to significantly improve pipeline quality, accelerate sales velocity, increase conversion rates, and grow revenue predictably. Learn more at 6sense.com.",https://www.g2.com/external_clickthroughs/record?secure%5Bproduct_id%5D=4228&secure%5Btoken%5D=25d34d65e4759625290aebc14e1bd408309a8250ce6dc759d90297df1302aa07&secure%5Burl%5D=https%3A%2F%2F6sense.com%2Fproducts%2F,4.4 out of 5 stars,507 reviews,https://www.g2.com/products/6sense-revenue-ai/discuss,English,6sense,http://www.6sense.com,2013,"San Francisco, CA","@6senseInc 18,477 Twitter followers",https://www.linkedin.com/company/3677944/
,,Hunter,https://www.g2.com/products/hunter/reviews,"Account Executive, Sales Development Representative","Computer Software, Information Technology and Services","55% Small-Business, 36% Mid-Market","Hunter is a cloud-based solution that helps businesses find and verify professional email addresses from domains, companies or a specific professional on the web, and much more.

A free cold email platform is also included to send email campaigns directly from Hunter.

Hunter makes it incredibly easy for sales, recruiters and marketers to reach out to other professionals with simple but powerful tools.

Hunter crawls the web and indexes publicly available professional email addresses. The data is easily accessible via a simple user interface to find the right person in a company or find how to contact already identified professionals.",https://www.g2.com/external_clickthroughs/record?secure%5Bproduct_id%5D=13715&secure%5Btoken%5D=422a120c0a8f02e5bc35cb56867b756335d3d3b7899e5e0cfbb33fdbf6f8938e&secure%5Burl%5D=https%3A%2F%2Femailhunter.co%2F,4.4 out of 5 stars,484 reviews,https://www.g2.com/products/hunter/discuss,"English, French, Italian",Hunter,https://hunter.io,2015,"Wilmington, Delaware","@EmailHunter 2,417 Twitter followers",https://www.linkedin.com/company/11347551/
,,Kaspr,https://www.g2.com/products/kaspr/reviews,"Business Manager, Sales","Information Technology and Services, Computer Software","63% Small-Business, 27% Mid-Market","Kaspr retrieves the contact details (phone number and emails) of any prospect by directly browsing on their Linkedin profile or by using our search engine. 
Use Kaspr to generate leads easily and get qualified contact information in just one click !
Manage your leads directly on LinkedIn or export the contacts on your CRM, ATS or emai marketing platform !",https://www.g2.com/external_clickthroughs/record?secure%5Bproduct_id%5D=123833&secure%5Btoken%5D=d496e3c951a55c659fe59fb2e611b9e3183e02bb4a7cf2477866d114ed8be983&secure%5Burl%5D=https%3A%2F%2Fkaspr.io%2F,4.4 out of 5 stars,426 reviews,https://www.g2.com/products/kaspr/discuss,"German, English, French, Spanish",Kaspr,https://kaspr.io/,2018,New-York,,https://www.linkedin.com/company/kasprdata/
,,Adapt,https://www.g2.com/products/adapt-adapt/reviews,"Business Development Manager, Business Development Executive","Information Technology and Services, Marketing and Advertising","64% Small-Business, 28% Mid-Market","Adapt is a global B2B contact and company database provider across multiple industries. Adapt has 500,000+ users and 100 million business contacts, including industry-specific company database and contact information such as job title, direct dial, and email addresses. Adapt is a unified sales accelerating platform with the industry-leading products Lead Builder, and Prospector.

With robust CRM integration and chrome extension, Adapt’s database enables sales representatives, marketing leaders, recruiters and decision-makers to connect faster, engage seamlessly and start prospecting without any delay. From finding the right connects to building qualified leads and engaging with prospects, Adapt is built for modern marketers and sales teams to hit the target faster.",https://www.g2.com/external_clickthroughs/record?secure%5Bproduct_id%5D=67993&secure%5Btoken%5D=7378773db99fffc9d238ce84562dc257e261cd1de301e41bb32195ed93338617&secure%5Burl%5D=https%3A%2F%2Fwww.adapt.io%2Fpricing.htm,4.6 out of 5 stars,"2,671 reviews",https://www.g2.com/products/adapt-adapt/discuss,English,Adapt,https://www.adapt.io,2016,"Coimbatore, Tamil Nadu",@Adapt_io 522 Twitter followers,https://www.linkedin.com/company/14460031/
,,Collective[i],https://www.g2.com/products/collective-i/reviews,,,"45% Small-Business, 32% Mid-Market","Productive, enlightened sales teams work smarter and win more. Collective[i] is a holistic approach to aligning your data, people and processes. We call this Customer Relationship Optimization. Imagine everything from your data, how your sales team operates and the activities performed, getting more efficient by simply working using the existing sales tools in your stack. 


For sales operations and marketing, Collective[i] provides clean, comprehensive and automated data collection. Using Robotic Process Automation (RPA), activities are auto-captured from the work tools sales teams use (email, calendar, etc.), cleansed to update contacts, company names, etc. and logged into CRM automatically using our patented technology and massive network. No data or valuable time is lost increasing the quality of data logged exponentially and organizational productivity by 20-30%. Collective[i] maintains the ongoing fitness of CRM data automatically correcting outdated contacts and target prospect information. 

For sales management, Collective[i] offers transparency and AI/ML driven intelligence into each and every opportunity. No more lengthy pipeline reviews, or end of quarter surprises. Managers can commit to revenue with confidence, inspect important opportunities anytime and better manage and retain exceptional talent with complete visibility into the volume and quality of their activities. Collective[i] empowers managers with AI/ML generated intelligence about buyers based on Collective[i]’s vast network.

For sales professionals, Collective[i] offers guidance through each buyer's journey, AI/ML driven prompts on where and on whom to focus time as well as highlighting members of social and work networks who can help accelerate sales and increase win rates. 

Collective[i]’s technology is transformational and an essential part of the technology stack for the modern sales organization.",https://www.g2.com/external_clickthroughs/record?secure%5Bproduct_id%5D=48387&secure%5Btoken%5D=2682fa542a81ef651788fcd5c8645fcd395b3046155785b6144096b3fd0bbf89&secure%5Burl%5D=https%3A%2F%2Fwww.collectivei.com%2Fwhat-is-collectivei%2F,4.9 out of 5 stars,22 reviews,https://www.g2.com/products/collective-i/discuss,English,Collective[i],http://www.collectivei.com,2008,"New York, New York","@collectivei 1,371 Twitter followers",https://www.linkedin.com/company/2412659/
,,Slintel,https://www.g2.com/products/slintel/reviews,Business Development Manager,"Computer Software, Information Technology and Services","58% Small-Business, 41% Mid-Market","Slintel is a sales intelligence software leader in capturing technographic-powered buying intent. Slintel evaluates over 100 billion data points and analyzes factors such as buyer journeys, technology adoption patterns, and other digital footprints to deliver market and sales intelligence. Born out of a desire to help buyers and sellers find their best fit, Slintel’s mission is to improve transparency and trust in the B2B ecosystem.

Slintel is now a part of 6sense. With the addition of Slintel, 6sense takes another giant step in the direction of generating predictable revenue growth. Visit www.slintel.com or www.6sense.com to learn more",https://www.g2.com/external_clickthroughs/record?secure%5Bproduct_id%5D=55370&secure%5Btoken%5D=f0fbcf668f0c412544e215524fe0117e42b9500c92168a63a04f249097b6406e&secure%5Burl%5D=https%3A%2F%2Fwww.slintel.com%2F%3Futm_source%3DG2Crowd%26utm_medium%3DReviews%26utm_campaign%3DG2Crowd,4.4 out of 5 stars,114 reviews,https://www.g2.com/products/slintel/discuss,English,6sense,http://www.6sense.com,2013,"San Francisco, CA","@6senseInc 18,477 Twitter followers",https://www.linkedin.com/company/3677944/
,,Crossbeam,https://www.g2.com/products/crossbeam/reviews,"Account Executive, Partner Account Manager","Computer Software, Information Technology and Services","67% Mid-Market, 17% Enterprise","Crossbeam watches your partner ecosystem and securely surfaces the data, people, and companies in your network that will accelerate and close your next deal.

Book more revenue with the people and partners you already have, and ensure your GTM teams are focusing on the right partnerships.",https://www.g2.com/external_clickthroughs/record?secure%5Bproduct_id%5D=88125&secure%5Btoken%5D=0e264f7768323477e5177486a3469fb0a266510db0b7e52e37294c47cc20ba10&secure%5Burl%5D=https%3A%2F%2Fwww.crossbeam.com%2Fhow-it-works%2Fpricing%2F,4.7 out of 5 stars,187 reviews,https://www.g2.com/products/crossbeam/discuss,English,Crossbeam,https://www.crossbeam.com/,2018,"Philadelphia, Pennsylvania","@Crossbeam 1,369 Twitter followers",https://www.linkedin.com/company/11765969/
,,Mr. E by EasyLeadz,https://www.g2.com/products/mr-e-by-easyleadz/reviews,"Student, Business Development Manager","Information Technology and Services, Marketing and Advertising","56% Small-Business, 29% Mid-Market","Mr. E - Find direct contact number of prospects

Mr. E by EasyLeadz is the easiest way to find B2B contact numbers with just one click. Enrich any business profile with direct mobile numbers i.e direct dials.

Our hit rate and the numbers accuracy is probably the best in the industry. Actions speak louder than words, try it out for free.

Who can use this extension?

Anyone who is looking for efficient and faster ways to reach out to other professionals over phone calls can use this extension to instantly find contact numbers in a click.

- Sales professional, recruiters, headhunters, account managers, marketers, business developers, and people with direct client relationships.
- Professionals looking to increase their productivity and efficiency
- Teams, project managers, coordinators and internal communications

About EasyLeadz.

EasyLeadz helps business professionals establish a fast and true connection with their leads, contacts, and candidates.

B2B engagement is based on trust. EasyLeadz helps you build that trust using simple tools which allow you to enrich and verify business profiles. Today, over 10,000 sales representatives, recruitment managers and marketers transform the way they engage with their leads, contacts and candidates by using Mr. E on a daily basis.

EasyLeadz is compatible with LinkedIn, Zaubacorp, Tofler, Instafinancial and Crunchbase. Our customers range from small and medium businesses to enterprises including AUDI, UBER, Amazon, Salesforce, Upgrad, Microsoft, Boston Consulting Group, AT Kearney and many more.",https://www.g2.com/external_clickthroughs/record?secure%5Bproduct_id%5D=62122&secure%5Btoken%5D=69527aa7256050f0e7cb9914e9683b662c010abfc78908932ff3a8f48274041a&secure%5Burl%5D=https%3A%2F%2Fwww.easyleadz.com%2Fpricing%2F,4.6 out of 5 stars,680 reviews,https://www.g2.com/products/mr-e-by-easyleadz/discuss,English,EasyLeadz,http://www.easyleadz.com/,2016,Delhi,@easyleadz 201 Twitter followers,https://www.linkedin.com/company/easyleadz/
,,Foundry Intent,https://www.g2.com/products/foundry-intent/reviews,,"Computer Software, Information Technology and Services","56% Small-Business, 40% Mid-Market","Foundry Intent combines KickFire's first-party intent data, third-party intent from LeadSift, and Foundry's proprietary publishing and events network into a robust all-in-one platform to help B2B sales and marketing teams identify which accounts are in-market and who is showing intent to buy at the contact level.

To learn more about Foundry, visit foundryco.com/our-solutions/intent-data/.

Note: Many reviews are for KickFire and LeadSift products, which are now built into Foundry Intent.",https://www.g2.com/external_clickthroughs/record?secure%5Bproduct_id%5D=14869&secure%5Btoken%5D=992dfddb8385425c086f32f36900b04c31fd8db6c953391a193a10906482588d&secure%5Burl%5D=https%3A%2F%2Ffoundryco.com%2Four-solutions%2Fintent-data%2F,4.3 out of 5 stars,122 reviews,https://www.g2.com/products/foundry-intent/discuss,English,Foundry,https://foundryco.com/,1964,"Needham Heights, Massachusetts","@foundryidg 14,502 Twitter followers",https://www.linkedin.com/company/foundryidg/
,,Seamless.ai,https://www.g2.com/products/seamless-ai/reviews,"Account Executive, CEO","Computer Software, Information Technology and Services","65% Small-Business, 30% Mid-Market","Seamless.AI is the first and only real-time search engine for B2B sales leads. 

Over 350,000 users and tens of thousands of President's Club Award Winners use Seamless.AI to find verified cell phones, emails, and direct dials for anyone they need to sell to. 

JUST ANNOUNCED: Buyer Intent and Job Changes by Seamless.AI! 

 Seamless.AI just released Buyer Intent Data so you can build pipeline faster than ever by reaching out to accounts that are currently in the market and ready to buy your product or service. 

Job Changes by Seamless.AI gives you access to anyone that has changed their role, or moved on to a new company, so you can reach out during this critical time to clients and prospects without losing touch.",https://www.g2.com/external_clickthroughs/record?secure%5Bproduct_id%5D=67456&secure%5Btoken%5D=44cca6c88d40a309ea55801dd93868e8101f054003cef9b01aa050192a9e0733&secure%5Burl%5D=http%3A%2F%2Fwww.seamless.ai%2Fabout%2F,4.2 out of 5 stars,979 reviews,https://www.g2.com/products/seamless-ai/discuss,English,Seamless.ai,http://www.seamless.ai,2015,"Columbus, Ohio","@SeamlessAI 25,344 Twitter followers",https://www.linkedin.com/company/3184655/
,,LinkedIn Sales Insights,https://www.g2.com/products/linkedin-sales-insights/reviews,,"Computer Software, Information Technology and Services","49% Mid-Market, 33% Small-Business",LinkedIn Sales Insights is a platform for Sales Operations that delivers real-time market and account data from the world’s largest professional network. Transform your sales planning with more accurate account data and insights to focus your sales teams on the right accounts.,https://www.g2.com/external_clickthroughs/record?secure%5Bproduct_id%5D=142082&secure%5Btoken%5D=10f472037d2b869e9ac54b4409ca25e062ddfa961a8f39574b4e293e6e352e3b&secure%5Burl%5D=https%3A%2F%2Fbusiness.linkedin.com%2Fsales-solutions%2Fcx%2Flinkedin-sales-insights,4.2 out of 5 stars,70 reviews,https://www.g2.com/products/linkedin-sales-insights/discuss,,LinkedIn,http://linkedin.com,2003,"Sunnyvale, CA","@LinkedIn 1,779,905 Twitter followers",https://www.linkedin.com/company/1337/
,,BuzzBoard,https://www.g2.com/products/buzzboard/reviews,"Marketing Consultant, Account Executive","Marketing and Advertising, Broadcast Media","35% Mid-Market, 33% Enterprise","Since 2014, BuzzBoard’s mission is to help SMB solution providers deeply understand their customers and accelerate business growth. With account intelligence on 30+ million SMBs, BuzzBoard powers demand generation performance by identifying, segmenting, and scoring the accounts that matter based on the ideal customer profile of your business. BuzzBoard sets itself apart from other data providers with its robust AI-driven recommendation engine tuned specifically to SMB needs, triggers, and behaviors, AI-sourced and human audited data, and proprietary SMB signal stack and categorization system that unlocks deeper insights for high-value personalization. With BuzzBoard, sales and demand generation teams no longer have to rely on manual efforts and heavy lifting to identify best-fit accounts and the contacts to engage within them – BuzzBoard delivers data they can count on.",https://www.g2.com/external_clickthroughs/record?secure%5Bproduct_id%5D=4649&secure%5Btoken%5D=14589f2337f59b119ed2b629880632842c46f5409d6911dcedd88e1e9a1cf54f&secure%5Burl%5D=https%3A%2F%2Fwww.buzzboard.com%2Fsolutions%2Fplatform%2F,4.4 out of 5 stars,166 reviews,https://www.g2.com/products/buzzboard/discuss,English,"BuzzBoard, Inc.",https://www.buzzboard.com/,2014,"San Francisco, California",@MyBuzzBoard 866 Twitter followers,https://www.linkedin.com/company/3594152/
,,Wappalyzer,https://www.g2.com/products/wappalyzer/reviews,,"Computer Software, Information Technology and Services","64% Small-Business, 24% Mid-Market","Wappalyzer is a web technology profiler and leads data provider. With thousands of technologies tracked across websites of millions of companies, Wappalyzer helps you to identify new prospects and increase your addressable market.",https://www.g2.com/external_clickthroughs/record?secure%5Bproduct_id%5D=131968&secure%5Btoken%5D=ede0bbbffc0d074dc61e98c2194ce1f7c072daf17c743a304e51bfa091dcb7dc&secure%5Burl%5D=https%3A%2F%2Fwww.wappalyzer.com%2F,4.7 out of 5 stars,42 reviews,https://www.g2.com/products/wappalyzer/discuss,English,Wappalyzer,https://www.wappalyzer.com/,2008,"Melbourne, VIC","@Wappalyzer 3,750 Twitter followers",https://www.linkedin.com/company/wappalyzer
,,Reveal,https://www.g2.com/products/reveal-reveal/reviews,,"Computer Software, Information Technology and Services","54% Mid-Market, 25% Small-Business","Reveal is how you drive revenue through your partner ecosystem. We help you identify the right partners to work with, share data securely, and reveal untapped growth opportunities based on business potential.",https://www.g2.com/external_clickthroughs/record?secure%5Bproduct_id%5D=124434&secure%5Btoken%5D=3e2e07754be91044f13a6704b3bfa717f7f24afa5408f6c3aa33d7d149354065&secure%5Burl%5D=https%3A%2F%2Freveal.co%2Fpartnership-team%3Futm_source%3Dg2%26utm_medium%3Dreferral%26utm_campaign%3DG2_profile,4.9 out of 5 stars,61 reviews,https://www.g2.com/products/reveal-reveal/discuss,"English, French, Portuguese, Spanish",Reveal,https://reveal.co,2020,"Paris, Ile-de-France",,https://www.linkedin.com/company/11563963/
,,Snovio,https://www.g2.com/products/snovio/reviews,"Marketing Manager, CEO","Information Technology and Services, Marketing and Advertising","65% Small-Business, 31% Mid-Market","Snov.io is your perfect CRM for efficient contact management and powerful cold outreach. Find more convertible leads, verify contacts, track your lead's progress, and automate cold outreach. Save your sales team's time and improve your revenue with personalized automated outreach and over 2000 integration options.",https://www.g2.com/external_clickthroughs/record?secure%5Bproduct_id%5D=32419&secure%5Btoken%5D=6f799304564df977f5798df7565a386f0739d4a35732ae910bd63d63a3122a4f&secure%5Burl%5D=https%3A%2F%2Fsnov.io%2Fpricing.html,4.5 out of 5 stars,257 reviews,https://www.g2.com/products/snovio/discuss,"English, Portuguese, Ukrainian, Chinese (Simplified)",Snovio,http://www.snov.io,2017,New York,"@snov_io 2,511 Twitter followers",https://www.linkedin.com/company/18052485/
NYSE: DNB,"$1,738",D&amp;B Hoovers,https://www.g2.com/products/dun-bradstreet-d-b-hoovers/reviews,"Account Executive, Business Development Representative","Computer Software, Information Technology and Services","43% Enterprise, 30% Mid-Market","D&B Hoovers is a sales and marketing intelligence platform.

D&B Hoovers is designed to deliver the advantages modern prospectors need to compete in an evolving environment:
· Capture ideal prospects
· Harness opportune moments
· Reach untapped customers

Backed by the Dun & Bradstreet Data Cloud, company and contact data remains the heart of D&B Hoovers. Now, with audience matching, Bombora intent, and revtech integrations, outreach essentials are at a prospector’s fingertips. D&B Hoovers and D&B Hoovers Audience Builder are tailored to accelerate new business, offering unique solutions for sales and marketing teams.

Capture ideal prospects
· 420M+ company profiles, with 37M+ corporate linkages matched only by D-U-N-S
· 220M+ verified contacts, each with email, title, and location
· 175+ targeting filters
· 1st-party data integration
· Audience matching and Identity Resolution, backed by AI and 1.2B+ Matchpoints
· Visualize Ideal Customer Profile and Total Addressable Market

Harness opportune moments
· Buyer intent – now powered by Bombora
· Web Visitor Intelligence
· AI-backed Propensity-to-Buy, including growth trajectory and purchasing patterns
· Real-time opportunity triggers
· Automated email notifications

Reach untapped customers
· Verified emails for every contact, plus mobile, direct dials, and social platforms
· CRM integrations, including Salesforce and Microsoft Dynamics 365
· Marketing integrations, including HubSpot and Marketo
· Buying HQ uncovers locations with decision-making power
· Call prep questions, competitive landscapes, and industry forecasts

D&B Hoovers was built to ease the burden on sales and marketing teams, powering faster, smarter, and more precise prospecting.",https://www.g2.com/external_clickthroughs/record?secure%5Bproduct_id%5D=379&secure%5Btoken%5D=dd52f5abe8d3c7aabced9358978b0d530fe8e709cea1a2c47f02584c94b12a99&secure%5Burl%5D=https%3A%2F%2Fwww.dnb.com%2Fproducts.html,4.0 out of 5 stars,503 reviews,https://www.g2.com/products/dun-bradstreet-d-b-hoovers/discuss,"Czech, Danish, German, English, Finnish, Croatian, Hungarian, Polish, Slovak, Slovenian, Serbian, Swedish, Chinese (Simplified), Chinese (Traditional)",Dun & Bradstreet,http://www.dnb.com,,"Short Hills, NJ","@DunBradstreet 21,456 Twitter followers",https://www.linkedin.com/company/2385/
,,UserGems,https://www.g2.com/products/usergems/reviews,"Account Executive, Commercial Account Executive","Computer Software, Information Technology and Services","82% Mid-Market, 11% Small-Business","UserGems helps revenue teams drive bigger pipeline and faster sales cycle by delivering prospects that are most likely to buy.  

Whenever your customers change their jobs, UserGems automatically surfaces them as new leads to your sales reps. This allows reps to be in front of the buyers at the right time, and before the competition is.

Leveraging machine learning, UserGems automatically identifies other buyers that match the profile of your best customers (e.g. ideal customer profile ICP, persona, and other key criteria). That means reps get a complete, up-to-date list of high-potential prospects without having to spends hours researching.",https://www.g2.com/external_clickthroughs/record?secure%5Bproduct_id%5D=110918&secure%5Btoken%5D=5d43a0ce304ecb48a0854f2014920330135f0e68393739a6c2c8d4093ec0c229&secure%5Burl%5D=https%3A%2F%2Fwww.usergems.com%2Fproducts%2Fchampion-tracking,4.6 out of 5 stars,85 reviews,https://www.g2.com/products/usergems/discuss,English,UserGems,https://www.usergems.com,2019,"San Francisco, CA",@usergems 239 Twitter followers,https://www.linkedin.com/company/usergems/
,,Similarweb Sales Intelligence,https://www.g2.com/products/similarweb-sales-intelligence/reviews,Account Executive,"Marketing and Advertising, Financial Services","45% Mid-Market, 33% Small-Business","Sell smarter with 360° digital insights on eCommerce, publisher, and advertiser prospects. With Similarweb’s unique traffic and engagement data, you get full visibility into every part of a prospect’s digital strategy and performance, enabling you to find new opportunities and craft pitches that win.

- Find prospects who match your ideal customer profile from Similarweb’s database of over 100M websites
- Strengthen the quality of your pipeline and prioritize outreach by adding more relevant data points to leads with Lead Enrichment
- Monitor your accounts to stay on top of new and upsell business opportunities with alerts
- Deep dive into your prospects digital performance and strategy to better understand how your solution can help
- Improve your client response with insights unique to your client, backed by trusted data
- Reach out directly to decision-makers with their direct contact information",https://www.g2.com/external_clickthroughs/record?secure%5Bproduct_id%5D=108741&secure%5Btoken%5D=b254c0a656f463109332efd6ccbf0c91badc7939ad2f3b8302b56e6584164558&secure%5Burl%5D=https%3A%2F%2Fwww.similarweb.com%2Fcorp%2Fsolution%2Fsales%2F,4.6 out of 5 stars,138 reviews,https://www.g2.com/products/similarweb-sales-intelligence/discuss,"English, French, Japanese",Similarweb,https://www.similarweb.com,,New York,"@SimilarWeb 37,605 Twitter followers",https://www.linkedin.com/company/429838/
,,SalesQL,https://www.g2.com/products/salesql/reviews,Recruiter,"Staffing and Recruiting, Information Technology and Services","67% Small-Business, 23% Mid-Market","Over 150,000 professionals in 189 countries use SalesQL for streamlining their sales and recruiting operations, automating prospecting, email outreach, and social touches. Our mission is to help them to create true relationships without the hassle of having to jump between apps, as SalesQL works directly in the web browser.",https://www.g2.com/external_clickthroughs/record?secure%5Bproduct_id%5D=148408&secure%5Btoken%5D=0a854a888719fc38637e9ae23eba9a4a93aa60e1466e8a4eedbd6bbfe575f097&secure%5Burl%5D=https%3A%2F%2Fsalesql.com%2Fhow-it-works,4.7 out of 5 stars,132 reviews,https://www.g2.com/products/salesql/discuss,English,SalesQL,https://salesql.com/,2018,N/A,@SalesQL 43 Twitter followers,https://www.linkedin.com/company/salesqldotcom/
,,LeadIQ,https://www.g2.com/products/leadiq/reviews,"Sales Development Representative, Account Executive","Computer Software, Information Technology and Services","63% Mid-Market, 28% Small-Business","The LeadIQ platform is built to help you prospect smarter and build pipeline faster. Find prospect data, track sales triggers, and personalize cold outreach all in one place. 

Sales prospecting has never been harder. Every day your prospects are bombarded by sellers with non-specific, un-tailored, generic messages. It's not that sales teams have forgotten how to sell...but it's been the only way to scale and grow as a company. 

At LeadIQ, we believe you can prospect smarter and build pipeline faster — by reaching the right people with tailored, personal messages at scale. 

Our prospecting platform allows you to find prospect data, track sales triggers, and personalize cold outreach all in one place. Leveraging our patented AI technology, we eliminate the frustrating, manual, and downright difficult parts of prospecting so you can focus on making prospecting personal again. Get more replies, book more meetings, and generate more pipeline through personalization at scale. 

Imagine the prospects.",https://www.g2.com/external_clickthroughs/record?secure%5Bproduct_id%5D=16466&secure%5Btoken%5D=5724602019b6684a2ef0771835d8dcee25b90fc035d205941338756de92c213e&secure%5Burl%5D=https%3A%2F%2Fleadiq.com%2Fpricing,4.3 out of 5 stars,471 reviews,https://www.g2.com/products/leadiq/discuss,English,LeadIQ,https://leadiq.com,2015,"Santa Clara, CA","@leadiq 2,756 Twitter followers",https://www.linkedin.com/company/6412574/
,,Visual Visitor Sales Intelligence,https://www.g2.com/products/visual-visitor-sales-intelligence/reviews,,"Marketing and Advertising, Construction","70% Mid-Market, 26% Small-Business","Powerful, Affordable, and Easy to Use Sales Intelligence Platform.

We Make B2B Sales Easier. Helping Sales and Marketing Teams sell more in less time.

Our Platform includes
- Buyer Intent Data
- B2B Contact Database with over 606 million contacts
- Anonymous Website Visitor Identification
- Email/Proposal Tracking

Benefits of our platform include:
- Helping your sales and marketing teams make first contact. 36% of sales go to the vendor that responds first.
- Reduce Prospecting time by as much as 80% We provide the data you need to reach that difficult prospect.
- Uncover Your Hidden Leads. We help you get more leads from the traffic you already have.
- Prospects not responding? We will give you insight into what is happening on the prospects side.

Founded in 2009, we have offices in Jacksonville, FL and Atlanta, GA. With over 2,220 customers and white label resellers, Visual Visitor is quickly becoming the platform of choice for growing companies.",https://www.g2.com/external_clickthroughs/record?secure%5Bproduct_id%5D=20157&secure%5Btoken%5D=5c9f65baaeb11d6d274b360ddb6a734b56575864383894aaf71406f458043cc8&secure%5Burl%5D=https%3A%2F%2Fwww.visualvisitor.com%2Fpricing%2F,4.8 out of 5 stars,53 reviews,https://support.visualvisitor.com/portal/en/kb/visual-visitor,English,VisualVisitor,http://www.visualvisitor.com,2009,"Alpharetta, Georgia",@Visual_Visitor 165 Twitter followers,https://www.linkedin.com/company/1668496/
,,Lead411,https://www.g2.com/products/lead411/reviews,"President, CEO","Information Technology and Services, Marketing and Advertising","62% Small-Business, 23% Mid-Market","Lead411 provides the most comprehensive and accurate information about contacts and companies available in the marketplace.   We currently have over 450M contacts, within 20M companies worldwide. Through targeted filters, and Growth Intent Data, customers are able to view complete contact data profiles and find growing companies that are more likely to be in a buying cycle for adding services/solutions.  Ask about Unlimited Data!  We also offer Buyer Intent Data powered by Bombora, so you can identify companies that are looking for solutions/services you provide based on topics, and then identify the decision makers you need to reach out to.

Our sales intelligence triggers are an easy way for you to filter for companies that make the most sense to reach out to.  

Sales Intelligence data points include:
Recently Funded Companies
New Company Location
IPO Announcement
Hiring Plans
Job Openings
New Employee Hire
New Executive Employee Hire
New Employee Promotion
Company Awards and More

Not only can you find the best opportunities in Lead411, but you can also reach out directly from our platform using our Reach Email/SMS Engagement Automation Feature.  With Reach, you can set up automated email and SMS templates, cadences and campaigns so once you find your targeted audience, reaching out is as simple as a few clicks.  No more exporting lists to a third-party platform, you can keep notes and monitor the progress of your efforts with ease.

Lead411 believes in helping companies start the sales process with a targeted conversation.  Through accurate contact data fueled by innovative data intelligence, we give you an advantage over other solutions.  Discover contact data from companies that are in a buying position, save time through filtered sales data points, and reach out directly from our platform to get the results you need to ensure a healthy pipeline.",https://www.g2.com/external_clickthroughs/record?secure%5Bproduct_id%5D=3336&secure%5Btoken%5D=1d94caa65ba34981fe0ccbc42ecbe9042c67b4856c1f3b7457cbd2f25d3edb7e&secure%5Burl%5D=https%3A%2F%2Fwww.lead411.com%2F,4.5 out of 5 stars,393 reviews,https://www.g2.com/products/lead411/discuss,English,Lead411,http://www.lead411.com,2001,"Boulder, Colorado","@lead411 1,384 Twitter followers",https://www.linkedin.com/company/335997/
,,BizKonnect,https://www.g2.com/products/bizkonnect/reviews,,"Information Technology and Services, Computer Software","59% Small-Business, 30% Mid-Market","Leverage BizKonnect - an innovative cloud based sales intelligence platform supported by virtual sales assistants.
We help you reach the decision maker who has pain points you are solving and take you there with your known business connections.
We enable you to execute Account Based Marketing at scale by using our Actionable Org Chart solution.
The customized Org Chart solution includes different parameters of the target company which helps you achieve success in your account planning initiatives.",https://www.g2.com/external_clickthroughs/record?secure%5Bproduct_id%5D=75828&secure%5Btoken%5D=b605e8f8c7796c9106f4197c844010cb5c786ef8dc415659f6c65184ffab2c28&secure%5Burl%5D=http%3A%2F%2Fwww.bizkonnect.com%2Fproduct.html,4.7 out of 5 stars,46 reviews,https://www.g2.com/products/bizkonnect/discuss,,BizKonnect,http://www.bizkonnect.com,2012,"Pune, MH",@KonnectBiz 25 Twitter followers,https://www.linkedin.com/company/2897281/
NASDAQ:TTGT,$148,Priority Engine,https://www.g2.com/products/priority-engine/reviews,"Sales Development Representative, Account Executive","Information Technology and Services, Computer Software","47% Enterprise, 42% Mid-Market","TechTarget's Priority Engine is a SaaS-based platform that delivers direct, real-time access to the most active accounts and prospects ranked by their level of purchase intent and engagement to help enterprise B2B technology organizations improve ABM performance, increase sales productivity and maximize demand generation success. The platform provides exclusive third-party intent insights on the topical interests of accounts, recency and relevancy of activity, vendor considerations and installed technology.",https://www.g2.com/external_clickthroughs/record?secure%5Bproduct_id%5D=69787&secure%5Btoken%5D=797b84a91008e76eb2314c7f302535305cd8709d0d7e96abee8139d81a971400&secure%5Burl%5D=https%3A%2F%2Fwww.techtarget.com%2Fproducts%2Fpriority-engine%2F,4.3 out of 5 stars,318 reviews,https://www.g2.com/products/priority-engine/discuss,,TechTarget,https://www.techtarget.com,1999,"Newton, MA","@TechTarget 26,495 Twitter followers",https://www.linkedin.com/company/166286/
,,Lusha,https://www.g2.com/products/lusha/reviews,"Sales Development Representative, SDR","Information Technology and Services, Computer Software","45% Mid-Market, 41% Small-Business","Lusha is a go-to-market intelligence platform, designed for sales, marketing and recruitment teams. Lusha’s fresh, dynamic, and high quality data and insights help cut through the noise and reach the right people at the right time. 

Lusha offers an easy set up without the hassle of lengthy onboarding processes. With our simple Salesforce and API integrations, Lusha users can maintain a fresh database and ensure ongoing, automated enrichment of their CRM.

Lusha stays on top of evolving privacy and security regulations and is fully compliant with GDPR and CCPA, and is the only sales intelligence solution to be accredited under ISO 
27701, the highest international privacy standard in the world.",https://www.g2.com/external_clickthroughs/record?secure%5Bproduct_id%5D=24735&secure%5Btoken%5D=108179abefa543acdbe188ffa539d2b3e5bb772015e6ca84f315ac052a062f90&secure%5Burl%5D=https%3A%2F%2Fwww.lusha.co%2Fchrome-extension,4.3 out of 5 stars,"1,345 reviews",https://www.g2.com/products/lusha/discuss,English,Lusha,https://www.lusha.com/,2016,"Boston, Massachusetts",,https://www.linkedin.com/company/lushadata/
,,DealSignal,https://www.g2.com/products/dealsignal/reviews,,"Marketing and Advertising, Computer Software","69% Small-Business, 31% Mid-Market","DealSignal provides fresh, accurate, verified B2B data that helps sales & marketing teams maximize their efficiency, performance and results. Precisely target the right buyers, personalize your outreach, and drive more conversions.

The DealSignal Data Platform provides access to 600M+ global companies and contacts with over 100 data points, including detailed account profiles, contact profiles, verified emails, corporate & direct phones, social URLs, and mailing addresses – all with 97%+ accuracy and a 100% data guarantee.

Revenue teams turn to DealSignal when they need to: 

•	Improve CRM data quality
•	Enrich inbound leads automatically
•	Build precise decision-maker lists 
•	Find in-market buyers with intent
•	Easily capture leads across the web
•	Improve ABM effectiveness",https://www.g2.com/external_clickthroughs/record?secure%5Bproduct_id%5D=31759&secure%5Btoken%5D=bccec1d816fef247d353e45f6c7fdd0019ee4a40d944be52a81ee9ad43f1d617&secure%5Burl%5D=https%3A%2F%2Fwww.dealsignal.com%2Fplatform%2F,4.8 out of 5 stars,29 reviews,https://www.g2.com/products/dealsignal/discuss,,DealSignal,http://www.dealsignal.com,2014,"San Francisco, CA",@DealSignal 471 Twitter followers,https://www.linkedin.com/company/3676687/
,,Autobound,https://www.g2.com/products/autobound/reviews,"Account Executive, Business Development Representative","Computer Software, Information Technology and Services","60% Mid-Market, 34% Small-Business","With 320B emails sent daily, email inboxes are absolutely flooded. Rising above the noise is now a must-have for anyone who wants a shot at hitting quota.

Autobound generates bespoke, personalized emails instantly using AI, that would otherwise take an expert BDR 20-30 minutes to write.

Our AI scans through millions of prospect insights to find the most relevant ones based on your value proposition. Then in a matter of seconds, our email-writing AI creates highly relevant, personalized messaging that's proven to increase response rates.

We're putting an end to manual prospecting. Our tech surfaces real-time insights on both the individual and company levels from thousands of sources across the internet. Individual-level insights could be work/education history, recent promotions, and persona-specific pain points and initiatives. Company-level insights might include recent news events, product launches, funding rounds, hiring trends, competitive technologies used, and more.

Autobound integrates directly Gmail, Salesloft and Outreach.

Sign up today at www.autobound.ai/sign-up-free",https://www.g2.com/external_clickthroughs/record?secure%5Bproduct_id%5D=100991&secure%5Btoken%5D=1111ed777f009c0cfd72416d58eeea4613b7cb47d0257483f5e043f9c9356b0e&secure%5Burl%5D=https%3A%2F%2Fwww.autobound.ai%2Fproduct-overview,4.9 out of 5 stars,98 reviews,https://www.g2.com/products/autobound/discuss,English,Autobound,https://www.autobound.ai/,2018,"San Francisco, CA",@autobound_ai 434 Twitter followers,https://www.linkedin.com/company/autobound
